number,OTUID,sum,samples,av,pcntSamples,domain,phylum,class,order,family,genus,species,label,rep_seq,taxonomy,taxon_metblm,reference
97,AY752098.1.1391,8,1,8,3.846153846,B,Actinobacteria,Actinobacteria,Actinomycetales,Actinomycetales,Actinomycetales,Actinomycetales,Actinomycetales_1,0,0,0,0
3,EU801039.1.1483,3,1,3,3.846153846,B,Actinobacteria,Actinobacteria,Nanopelagicales,Nanopelagicaceae,Planktophila,limnetica ,P.limnetica_7,TAGGCCTACGGGGGGCAGCAGTGGGGAATATTGGGCAATGGAGGAAACTCTGACCCAGCGACGCCGCGTGCGGGATGAAGGCCTTCGGGTTGTAAACCGCTTTCAGTAGGGAAGAAGCGAAAGTGACGGTACCTACAGAAGAAGCACCGGCTAACTATGTGCCAGCAGCCGCGGTAATACATAGGGTGCAAGCGTTGTCCGGAATTATTGGGCGTAAAGAGCTCGTAGGTGGTTCGTTACGTCGGATGTGAAAATCGGGGGCTCAACCCCAGACCTGCATCCGATACGGGCGAGCTAGAGTTTGGTAGGGGAGACTGGAATTCCTGGTGTAGCGGTGGAATGCGCAGATATCAGGAGGAACACCAATGGCGAAGGCAGGTCTCTGGGCCAATACTGACACTGAGGAGCGAAAGCGTGGGGAGCGAACAGGATTAGATACCCCGGTAGTC,acI-phila (acI_2) Ca. Planktophila limnetica,photoheterotroph,"10.1038/ismej.2014.135, 10.1038/ismej.2017.169"
18,JN869030.1.1506,8,3,2.666666667,11.53846154,B,Actinobacteria,Actinobacteria,Nanopelagicales,Nanopelagicaceae,Nanopelagicus,acI-B1,Nanopel_6,GGGCCCTACGGGAGGCAGCAGTGGGGAATATTGGGCAATGGAGGAAACTCTGACCCAGCGACGCCGCGTGCGGGATGAAGGCCTTCGGGTTGTAAACCGCTTTCAGTAGGGAAGAAGCGAAAGTGACGGTACCTACAAAAGAAGCACCGGCTAACTATGTGCCAGCAGCCGCGGTAATACATAGGGTGCAAGCGTTGTCCGGAATTATTGGGCGTAAAGAGCTCGTAGGTCGTTTGTTACGTCGGATGTGAAAACCGGGGGCTCAACCTCAGGCCTGCGTTGGATACGGGCAAACTAGAGTGTGGTAGGGGAGACTGGAATTCCTGGTGTAGCGGTGAAATGCGCAGATATCAGGAGGAACACCGATGGCGAAGGCAGGTCTCTGGGCCAATACTGACACTGAGGAGCGAAAGTCTGGGGAGCGAACAGGATTAGATACCCGTGTAGTC,acI-B1 (acI_4) Ca. Nanopelagicus sp.,"aerobic chemoheterotroph, auxotrophy for various amino acids, vitamins and reduced sulphur sources","10.1038/ismej.2014.135, 10.1038/ismej.2017.185"
26,JN868973.1.1510,4,3,1.333333333,11.53846154,B,Actinobacteria,Actinobacteria,Nanopelagicales,Nanopelagicaceae,Nanopelagicus,acI-B1,Nanopel_9,GTCACCTACGGGCGGCAGCAGTGGGGAATATTGGGCAATGGAGGAAACTCTGACCCAGCGACGCCGCGTGCGGGATGAAGGCCTTCGGGTTGTAAACCGCTTTCAGTAGGGAAGAAGCGAAAGTGACGGTACCTACAAAAGAAGCACCGGCTAACTATGTGCCAGCAGCCGCGGTAATACATAGGGTGCAAGCGTTGTCCGGAATTATTGGGCGTAAAGAGCTCGTAGGTCGTTTGTTACGTCGGATGTGAAAACCTGAGGCTCAACCTCAGGCCTGCATTCGATACGGGCGAGCTAGAGTGTGGTAGGGGAGTGTGGAACTCCTGGTGTAGCGGTGAAATGCGCAGATATCAGGAAGAACACCAATGGCGAAGGCAGGTCTCTGGGCCAATACTGACACTGAGGAGCGAAAGTCTGGGGAGCGAACAGGATTAGATACCCGAGTAGTC,acI-B1 (acI_8) Ca. Nanopelagicus sp.,"aerobic chemoheterotroph, auxotrophy for various amino acids, vitamins and reduced sulphur sources","10.1038/ismej.2014.135, 10.1038/ismej.2017.189"
28,FN668259.1.1474,794,16,49.625,61.53846154,B,Actinobacteria,Actinobacteria,Nanopelagicales,Nanopelagicaceae,Nanopelagicus,limnes,N.limnes_1,GTGGCCTACGGGGGGCTGCAGTGGGGAATATTGGGCAATGGAGGAAACTCTGACCCAGCGACGCCGCGTGCGGGATGAAGGCCTTCGGGTTGTAAACCGCTTTCAGTAGGGAAGAAGCGAAAGTGACGGTACCTACAAAAGAAGCACCGGCTAACTATGTGCCAGCAGCCGCGGTAATACATAGGGTGCAAGCGTTGTCCGGAATTATTGGGCGTAAAGAGCTCGTAGGTCGTTTGTTACGTCGGATGTGAAAACCCGAGGCTCAACCTCAGGCCTGCATTCGGTACGGGCAAACTAGAGTTTGGTAGCGGAGAATGGAATTCCTGGTGTAGCGGTGAAATGCGCAGATATCAGGAGGAACACCAATGGCGAAGGCAGGTCTCTGGGCCAATACTGACACTGAGGAGCGAAAGTCTGGGGAGCGAACAGGATTAGATACCCGGGTAGTC,acI-B1  (acI_9) Ca. Nanopelagicus sp.,"aerobic chemoheterotroph, auxotrophy for various amino acids, vitamins and reduced sulphur sources","10.1038/ismej.2014.135, 10.1038/ismej.2017.191"
49,FN668262.1.1467,24,4,6,15.38461538,B,Actinobacteria,Actinobacteria,Nanopelagicales,Nanopelagicaceae,Nanopelagicus,limnes,N.limnes_3,GCTCCCTACGGGGGGCTGCAGTGGGGAATATTGGGCAATGGAGGAAACTCTGACCCAGCGACGCCGCGTGCGGGATGAAGGCCTTCGGGTTGTAAACCGCTTTCAGTAGGGAAGAAGCGAAAGTGACGGTACCTACAAAAGAAGCACCGGCTAACTATGTGCCAGCAGCCGCGGTAATACATAGGGTGCAAGCGTTGTCCGGAATTATTGGGCGTAAAGAGCTCGTAGGTCGTTTGTTACGTCGGATGTGAAAACCTGGGGCTCAACCTCAGGCCTGCATTCGATACGGGCGAGCTAGAGTGTGGTAGGGGAGACTGGAATTCCTGGTGTAGCGGTGGAATGCGCAGATATCAGGAGGAACACCAATGGCGAAGGCAGGTCTCTGGGCCATTACTGACACTGAGGAGCGAAAGCGTGGGGAGCGAACAGGATTAGATACCCTGGTAGTC,acI-B1 (acI_13) Ca. Nanopelagicus sp.,"aerobic chemoheterotroph, auxotrophy for various amino acids, vitamins and reduced sulphur sources","10.1038/ismej.2014.135, 10.1038/ismej.2017.160"
59,HM856571.1.1445,3,3,1,11.53846154,B,Actinobacteria,Actinobacteria,Nanopelagicales,Nanopelagicaceae,Nanopelagicus,acI-B1,Nanopel_7,ACTACCTACGGGAGGCTGCAGTGGGGAATATTGGGCAATGGAGGAAACTCTGACCCAGCGACGCCGCGTGCGGGATGAAGGCCTTCGGGTTGTAAACCGCTTTCAGTAGGGAAGAAGCGAAAGTGACGGTACCTACAAAAGAAGCACCGGCTAACTATGTGCCAGCAGCCGCGGTAATACATAGGGTGCAAGCGTTGTCCGGAATTATTGGGCGTAAAGAGCTCGTAGGTCGTTTGTTACGTCGGATGTGAAAACCTGAGGCTCAGCCTCAGGCCTGCATTCGATACGGGCGGGCTTGAGTATGGTAGGGGAGTCTGGAATTCCTGGTGTAGCGGTGGAATGCGCAGATATCAGGAGGAACACCAATGGCGAAGGCAGGACTCTGGGCCATTACTGACACTGAGGAGCGAAAGTCTGGGGAGCGAACAGGATTAGATACCCTTGTAGTC,acI-B1 (acI_14) Ca. Nanopelagicus sp.,"aerobic chemoheterotroph, auxotrophy for various amino acids, vitamins and reduced sulphur sources","10.1038/ismej.2014.135, 10.1038/ismej.2017.162"
83,FN668268.1.1474,4,2,2,7.692307692,B,Actinobacteria,Actinobacteria,Nanopelagicales,Nanopelagicaceae,Nanopelagicus,limnes,N.limnes_2,GGGCCCTACGGGTGGCTGCAGTGGGGAATATTGGGCAATGGAGGAAACTCTGACCCAGCGACGCCGCGTGCGGGATGAAGGCCTTCGGGTTGTAAACCGCTTTCAGTAGGGAAGAAGCGAAAGTGACGGTACCTACAAAAGAAGCACCGGCTAACTATGTGCCAGCAGCCGCGGTAATACATAGGGTGCAAGCGTTGTCCGGAATTATTGGGCGTAAAGAGCTCGTAGGTCGTTTGTTACGTCGGATGTGAAAACCTGAGGCTCAACCTCAGGCCTGCATTCGATACGGGCAAACTAGAGTTTGGTAGGGGAGACTGGAATTCCTGGTGTAGCGGTGGAATGCGCAGATATCAGGAGGAACACCAATGGCGAAGGCAGGTCTCTGGGCCAATACTGACACTGAGGAGCGAAAGTCTGGGGAGCGAACAGGATTAGATACCCCGGTAGTC,acI-B1 (acI_22) Ca. Nanopelagicus sp.,"aerobic chemoheterotroph, auxotrophy for various amino acids, vitamins and reduced sulphur sources","10.1038/ismej.2014.135, 10.1038/ismej.2017.173"
14,JX949883.1.1372,13,3,4.333333333,11.53846154,B,Actinobacteria,Actinobacteria,Actinomycetales,Microbacteriaceae,Microbacteriaceae,Microbacteriaceae,Microbacteriaceae_3,0,0,0,0
29,GQ059663.1.1344,3,1,3,3.846153846,B,Actinobacteria,Actinobacteria,Actinomycetales,Microbacteriaceae,Microbacteriaceae,Microbacteriaceae,Microbacteriaceae_6,0,0,0,0
38,HM186088.1.1298,61,2,30.5,7.692307692,B,Actinobacteria,Actinobacteria,Actinomycetales,Microbacteriaceae,Microbacteriaceae,Microbacteriaceae,Microbacteriaceae_1,0,0,0,0
41,JN020180.1.1372,5,1,5,3.846153846,B,Actinobacteria,Actinobacteria,Actinomycetales,Nocardioidaceae,Nocardioidaceae,Nocardioidaceae,Nocardioidaceae_2,0,0,0,0
86,KF097628.1.1345,481,1,481,3.846153846,B,Actinobacteria,Actinobacteria,Actinomycetales,Nocardioidaceae,Nocardioidaceae,Nocardioidaceae,Nocardioidaceae_1,0,0,0,0
7,FQ658557.1.1361,19,1,19,3.846153846,B,Bacteroidetes,Saprospirae,Saprospirales,Chitinophagaceae,Chitinophagaceae,Chitinophagaceae,Chitinophagaceae_1,TTTGCCTACGGGGGGCTGCAGTCAGGAATATTGGTCAATGGACGCAAGTCTGAACCAGCCATGCCGCGTGAAGGATGAAGGCCCTCTGGGTTGTAAACTTCTTTTATCTGGGACGAAAAACGGGCTTTCTAGCTCACTTGACGGTACCAGAGGAATAAGCACCGGCTAACTCCGTGCCAGCAGCCGCGGTCATACGGAGGGTGCAAGCGTTATCCGGATTTACTGGGTTTAAAGGGTGCGTAGGTGGGTAGGTAAGTCAGTGGTGAAATCTTCAAGCTTAACTTGGAAACTGCCATTGATACTATTTATCTTGAATACTTTGGAGGTAAGCGGAATATGTCATGTAGCGGTGAAATGCTTAGATATGACATAGAACACCAATTGCGAAGGCAGCTTACTACACAGTTATTGACACTGAGGCACGAAAGCGTGGGGATCAAACAGGATTAGATACCCTCGTAGTC,prob a basal member of Ferruginibacter genus,"Gram-stain-negative thin rods that do not form endospores, usually nonmotile. Swarming motility may occur. Aerobic or facultatively anaerobic. Limited fermentative capabilities are observed in some members",10.1007/978-0-387-68572-4
42,JF118092.1.1357,8,1,8,3.846153846,B,Bacteroidetes,Saprospirae,Saprospirales,Chitinophagaceae,Chitinophagaceae,Chitinophagaceae,Chitinophagaceae_2,TTCTCCTACGGGTGGCAGCAGTAAGGAATATTGGTCAATGGACGCAAGTCTGAACCAGCCATGCCGCGTGAAGGATGAAGGCCCTCTGGGTTGTAAACTTCTTTTATCTGGGACGAAAAACGGGCTTTCTAGCTCACTTGACGGTACCAGAGGAATAAGCACCGGCTAACTCCGTGCCAGCAGCCGCGGTAATACGGAGGGTGCAAGCGTTATCCGGATTTACTGGGTTTAAAGGGTGCGTAGGTGGGTAGGTAAGTCAGTGGTGAAATCTTCAAGCTTAACTTGGAAACTGCCATTGATACTATTTATCTTGAATACTTTGGAGGTAAGCGGAATATGTCATGTAGCGGTGAAATGCTTAGATATGACATAGAACACCAATTGCGAAGGCAGCTTACTACACAGTTATTGACACTGAGGCACGAAAGCGTGGGGATCAAACAGGATTAGATACCCCAGTAGTC,new genus of the chit family between ferrugin and terrimonas,"Gram-stain-negative thin rods that do not form endospores, usually nonmotile. Swarming motility may occur. Aerobic or facultatively anaerobic. Limited fermentative capabilities are observed in some members",10.1007/978-0-387-68572-4
11,JX221823.1.1478,113,5,22.6,19.23076923,B,Bacteroidetes,Flavobacteriia,Flavobacteriales,Flavobacteriaceae,Flavobacterium,Flavobacterium,Flavobacterium_6,GCCTCCTACGGGTGGCAGCAGTGAGGAATATTGGACAATGGGCGCAAGCCTGATCCAGCCATGCCGCGTGCAGGATGACGGTCCTATGGATTGTAAACTGCTTTTGTACAGGAAGAAACACCTCTACGTGTAGAGACTTGACGGTACTGTAAGAATAAGGATCGGCTAACTCCGTGCCAGCAGCCGCGGTAATACGGAGGATCCAAGCGTTATCCGGAATCATTGGGTTTAAAGGGTCCGTAGGCGGTCTTATAAGTCAGTGGTGAAATCTCCCCGCTCAACGGGGAAACGGCCATTGATACTGTAAGACTTGAATTATTAGGAAGTAACTAGAATATGTAGTGTAGCGGTGAAATGCTTAGAGATTACATGGAATACCAATTGCGAAGGCAGGTTACTACTAATGGATTGACGCTGATGGACGAAAGCGTGGGTAGCGAACAGGATTAGATACCCCTGTAGTC,The Genus Flavobacterium,"mostly aquatic some fish pathogens, psychrotolerant, prefer low salinity, non-cellulolytic, most can degrade complex polysaccharides eg xylan, chitin, alginate",10.1007/0-387-30747-8_17
21,HM263347.1.1344,35,3,11.66666667,11.53846154,B,Bacteroidetes,Flavobacteriia,Flavobacteriales,Flavobacteriaceae,Flavobacterium,Flavobacterium,Flavobacterium_7,0,The Genus Flavobacterium,"mostly aquatic some fish pathogens, psychrotolerant, prefer low salinity, non-cellulolytic, most can degrade complex polysaccharides eg xylan, chitin, alginate",10.1007/0-387-30747-8_17
22,HM016168.1.1389,4,1,4,3.846153846,B,Bacteroidetes,Flavobacteriia,Flavobacteriales,Flavobacteriaceae,Flavobacterium,Flavobacterium,Flavobacterium_12,0,The Genus Flavobacterium,"mostly aquatic some fish pathogens, psychrotolerant, prefer low salinity, non-cellulolytic, most can degrade complex polysaccharides eg xylan, chitin, alginate",10.1007/0-387-30747-8_17
35,FR772057.1.1466,335,3,111.6666667,11.53846154,B,Bacteroidetes,Flavobacteriia,Flavobacteriales,Flavobacteriaceae,Flavobacterium,Flavobacterium,Flavobacterium_1,TTTGCCTACGGGCGGCAGCAGTGAGGAATATTGGACAATGGGCGCAAGCCTGATCCAGCCATGCCGCGTGCAGGAAGACGGTCCTATGGATTGTAAACTGCTTTTATACAGGAAGAAACACTCCCTCGTGAGGGAGCTTGACGGTACTGTAAGAATAAGGATCGGCTAACTCCGTGCCAGCAGCCGCGGTAATACGGAGGATCCAAGCGTTATCCGGAATCATTGGGTTTAAAGGGTCCGTAGGCGGTTTAATAAGTCAGTGGTGAAATCTGGTCGCTCAACGATCAAACGGCCATTGATACTGTTAGACTTGAATTATTAGGAAGTAACTAGAATATGTAGTGTAGCGGTGAAATGCTTAGATATTACATGGAATACCAATTGCGAAGGCAGGTTACTACTAATGGATTGACGCTGATGGACGAAAGCGTGGGGAGCGAACAGGATTAGATACCCCAGTAGTC,The Genus Flavobacterium,"mostly aquatic some fish pathogens, psychrotolerant, prefer low salinity, non-cellulolytic, most can degrade complex polysaccharides eg xylan, chitin, alginate",10.1007/0-387-30747-8_17
39,EU801647.1.1478,5,5,1,19.23076923,B,Bacteroidetes,Flavobacteriia,Flavobacteriales,Flavobacteriaceae,Flavobacterium,Flavobacterium,Flavobacterium_19,0,The Genus Flavobacterium,"mostly aquatic some fish pathogens, psychrotolerant, prefer low salinity, non-cellulolytic, most can degrade complex polysaccharides eg xylan, chitin, alginate",10.1007/0-387-30747-8_17
40,HM129561.1.1443,411,7,58.71428571,26.92307692,B,Bacteroidetes,Flavobacteriia,Flavobacteriales,Flavobacteriaceae,Flavobacterium,Flavobacterium,Flavobacterium_3,TTTGCCTACGGGGGGCTGCAGTGAGGAATATTGGTCAATGGGCGCAAGCCTGAACCAGCCATGCCGCGTGCAGGATGACGGTCCTATGGATTGTAAACTGCTTTTGTACAGGAAGAAACACTCCCTCGTGAGGGAGCTTGACGGTACTGTAAGAATAAGGATCGGCTAACTCCGTGCCAGCAGCCGCGGTAATACGGAGGATCCAAGCGTTATCCGGAATCATTGGGTTTAAAGGGTCCGTAGGCGGCTTAATAAGTCAGTGGTGAAAGCCCTACGCTTAACGTAGGAACGGCCATTGATACTGTTAGGCTTGAATTATTAGGAAGTAACTAGAATATGTAGTGTAGCGGTGAAATGCTTAGAGATTACATGGAATACCAATTGCGAAGGCAGGTTACTACTAATGGATTGACGCTGATGGACGAAAGCGTGGGTAGCGAACAGGATTAGATACCCCAGTAGTC,The Genus Flavobacterium,"mostly aquatic some fish pathogens, psychrotolerant, prefer low salinity, non-cellulolytic, most can degrade complex polysaccharides eg xylan, chitin, alginate",10.1007/0-387-30747-8_17
47,HM638233.1.1390,17,2,8.5,7.692307692,B,Bacteroidetes,Flavobacteriia,Flavobacteriales,Flavobacteriaceae,Flavobacterium,Flavobacterium,Flavobacterium_9,0,The Genus Flavobacterium,"mostly aquatic some fish pathogens, psychrotolerant, prefer low salinity, non-cellulolytic, most can degrade complex polysaccharides eg xylan, chitin, alginate",10.1007/0-387-30747-8_17
64,FJ502260.1.1488,126,3,42,11.53846154,B,Bacteroidetes,Flavobacteriia,Flavobacteriales,Flavobacteriaceae,Flavobacterium,Flavobacterium,Flavobacterium_5,0,The Genus Flavobacterium,"mostly aquatic some fish pathogens, psychrotolerant, prefer low salinity, non-cellulolytic, most can degrade complex polysaccharides eg xylan, chitin, alginate",10.1007/0-387-30747-8_17
66,JF139490.1.1343,17,6,2.833333333,23.07692308,B,Bacteroidetes,Flavobacteriia,Flavobacteriales,Flavobacteriaceae,Flavobacterium,Flavobacterium,Flavobacterium_17,0,The Genus Flavobacterium,"mostly aquatic some fish pathogens, psychrotolerant, prefer low salinity, non-cellulolytic, most can degrade complex polysaccharides eg xylan, chitin, alginate",10.1007/0-387-30747-8_17
84,KF441562.1.1494,2,1,2,3.846153846,B,Bacteroidetes,Flavobacteriia,Flavobacteriales,Flavobacteriaceae,Flavobacterium,Flavobacterium,Flavobacterium_18,TTTGCCTACGGGAGGCAGCAGTGAGGAATATTGGACAATGGGCGCAAGCCTGATCCAGCCATGCCGCGTGCAGGATGACGGTCCTATGGATTGTAAACTGCTTTTGCACAGGAAGAAACACCCCTACGTGTAGGGACTTGACGGTACTGTGAGAATAAGGATCGGCTAACTCCGTGCCAGCAGCCGCGGTAATACGGAGGATCCAAGCGTTATCCGGAATCATTGGGTTTAAAGGGTCCGTAGGCGGTCTTATAAGTCAGTGGTGAAATCTCCCCGCTCAACGGGGAAACGGCCATTGATACTGTAAGACTTGAATTATTAGGAAGTAACTAGAATATGTAGTGTAGCGGTGAAATGCTTAGAGATTACATGGAATACCAATTGCGAAGGCAGGTTACTACTAATGGATTGACGCTGATGGACGAAAGCGTGGGGAGCGAACAGGATTAGATACCCGCGTAGTC,The Genus Flavobacterium,"mostly aquatic some fish pathogens, psychrotolerant, prefer low salinity, non-cellulolytic, most can degrade complex polysaccharides eg xylan, chitin, alginate",10.1007/0-387-30747-8_17
87,AUSH02000015.468.1961,929,13,71.46153846,50,B,Bacteroidetes,Flavobacteriia,Flavobacteriales,Flavobacteriaceae,Flavobacterium,Flavobacterium,Flavobacterium_2,TATGCCTACGGGGGGCTGCAGTGAGGAATATTGGTCAATGGGCGCAAGCCTGAACCAGCCATGCCGCGTGCAGGATGACGGTCCTATGGATTGTAAACTGCTTTTATACAGGAAGAAACAACTCTACGTGTAGAGTCTTGACGGTACTGTAGGAATAAGGATCGGCTAACTCCGTGCCAGCAGCCGCGGTAATACGGAGGATCCAAGCGTTATCCGGAATCATTGGGTTTAAAGGGTCCGTAGGCGGCTTAATAAGTCAGTGGTGAAAGCCCTACGCTTAACGTAGGAACGGCCATTGATACTGTTAGGCTTGAATTATTAGGAAGTAACTAGAATATGTAGTGTAGCGGTGAAATGCTTAGAGATTACATGGAATACCAATTGCGAAGGCAGGTTACTACTAATGGATTGACGCTGATGGACGAAAGCGTGGGTAGCGAACAGGATTAGATACCCTAGTAGTC,The Genus Flavobacterium,"mostly aquatic some fish pathogens, psychrotolerant, prefer low salinity, non-cellulolytic, most can degrade complex polysaccharides eg xylan, chitin, alginate",10.1007/0-387-30747-8_17
103,EF632770.1.1473,126,3,42,11.53846154,B,Bacteroidetes,Flavobacteriia,Flavobacteriales,Flavobacteriaceae,Flavobacterium,Flavobacterium,Flavobacterium_4,0,The Genus Flavobacterium,"mostly aquatic some fish pathogens, psychrotolerant, prefer low salinity, non-cellulolytic, most can degrade complex polysaccharides eg xylan, chitin, alginate",10.1007/0-387-30747-8_17
104,HE574373.1.1890,2,1,2,3.846153846,B,Bacteroidetes,Flavobacteriia,Flavobacteriales,Flavobacteriaceae,Flavobacterium,Flavobacterium,Flavobacterium_11,GTTTCCTACGGGGGGCTGCAGTGAGGAATATTGGACAATGGGCGCAAGCCTGATCCAGCCATGCCGCGTGCAGGATGACGGTCCTATGGATTGTAAACTGCTTTTGTACAGGAAGAAACACCCCGACGTGTCGGGGCTTGACGGTACTGTAAGAATAAGGATCGGCTAACTCCGTGCCAGCAGCCGCGGTAATACGGAGGATCCAAGCGTTATCCGGAATCATTGGGTTTAAAGGGTCCGTAGGCGGCTTAATAAGTCAGTGGTGAAAGCCCTACGCTTAACGTAGGAACGGCCATTGATACTGTTAGGCTTGAATTATTAGGAAGTAACTAGAATATGTAGTGTAGCGGTGAAATGCTTAGAGATTACATGGAATACCAATTGCGAAGGCAGGTTACTACTAATGGATTGACGCTGATGGACGAAAGCGTGGGTAGCGAACAGGATTAGATACCCCGGTAGTC,The Genus Flavobacterium,"mostly aquatic some fish pathogens, psychrotolerant, prefer low salinity, non-cellulolytic, most can degrade complex polysaccharides eg xylan, chitin, alginate",10.1007/0-387-30747-8_17
78,JX015603.1.1441,4,1,4,3.846153846,B,Cyanobacteria-chloroplast,Chloroplast,Haptophyceae,Haptophyceae,Haptophyceae,Haptophyceae,Haptophyceae,0,0,"macro-algal eukaryote, C fixing phytoplankton, chl-a, chl-c, contain cellulose",10.1007/978-3-662-46394-9_4
4,GABT01019963.848.2718,26,1,26,3.846153846,B,Cyanobacteria-chloroplast,Chloroplast,Streptophyta,Streptophyta,Streptophyta,Streptophyta,Streptophyta_1,TCGTCCTACGGGAGGCAGCAGTGGGGAATTTTCCGCAATGGGCGAAAGCCTGACGGAGCAATGCCGCGTGGAGGTAGAAGGCCCACGGGTCGTGAACTTCTTTTCTCGGAGAAGAAACAATGACGGTATCTGAGGAATAAGCATCGGCTAACTCTGTGCCAGCAGCCGCGGTAAGACAGAGGATGCAAGCGTTATCCGGAATGATTGGGCGTAAAGCGTCTGTAGGTGGCTTTTCAAGTCCGCCGTCAAATCCCAGGGCTCAACCCTGGACAGGCGGTGGAAACTACCAAGCTGGAGTACGGTAGGGGCAGAGGGAATTTCCGGTGGAGCGGTGAAATGCGTAGAGATCGGAAAGAACACCAACGGCGAAAGCACTCTGCTGGGCCGACACTGACACTGAGAGACGAAAGCTAGGGGAGCAAATGGGATTAGATACCCTAGTAGTC,0,"macro-algal eukaryote, phytoplankton, chl-a, chl-b, contain starch and cellulose",10.1007/978-3-662-46394-9_4
45,AEMH01007120.1017.2392,23,1,23,3.846153846,B,Cyanobacteria-chloroplast,Chloroplast,Streptophyta,Streptophyta,Streptophyta,Streptophyta,Streptophyta_2,TGTGCCTACGGGTGGCAGCAGTGGGGAATTTTCCGCAATGGGCGAAAGCCTGACGGAGCAATGCCGCGTGGAGGTAGAAGGCCTACGGGTCGTGAACTTCTTTTCCCGGAGAAGAAGCAATGACGGTATCTGGGGAATAAGCATCGGCTAACTCTGTGCCAGCAGCCGCGGTAATACAGAGGATGCAAGCGTTATCCGGAATGATTGGGCGTAAAGCGTCTGTAGGTGGCTTTTTAAGTCCGCCGTCAAATCCCAGGGCTCAACCCTGGACAGGCGGTGGAAACTACCAAGCTGGAGTACGGTAGGGGCAGAGGGAATTTCCGGTGGAGCGGTGAAATGCGTAGAGATCGGAAAGAACACCAACGGCGAAAGCACTCTGCTGGGCCGACACTGACACTGAGAGACGAAAGCTAGGGTAGCAAATGGGATTAGATACCCCGGTAGTC,0,"macro-algal eukaryote, phytoplankton, chl-a, chl-b, contain starch and cellulose",10.1007/978-3-662-46394-9_4
48,GAOK01049488.5421.6827,7,2,3.5,7.692307692,B,Cyanobacteria-chloroplast,Chloroplast,Streptophyta,Streptophyta,Streptophyta,Streptophyta,Streptophyta_4,TGAACCTACGGGAGGCAGCAGTGGGGAATTTTCCGCAATGGGCGAAAGCCTGACGGAGCAATGCCGCGTGGAGGTAGAAGGCCTACGGGTCGTGAACTTCTTTTCCCGGAGAAGAAGCAATGACGGTATCTGGGGAATAAGCATCGGCTAACTCTGTGCCAGCAGCCGCGGTAAGACAGAGGATGCAAGCGTTATCCGGAATGATTGGGCGTAAAGCGTCTGTAGGTGGCTTTTTAAGTCCGCCGTCAAATCCCAGGGCTCAGCCCTGGACAGGCGGTGGAAACTACCAAGCTGGAGTACGGTAGGGGCAGAGGGAATTTCCGGTGGAGCGGTGAAATGCGTAGAGATCGGAAAGAACACCAACGGCGAAAGCACTCTGCTGGGCCGACACTGACACTGAGAGACGAAAGCTAGGGGAGCGAATGGGATTAGATACCCTCGTAGTC,0,"macro-algal eukaryote, phytoplankton, chl-a, chl-b, contain starch and cellulose",10.1007/978-3-662-46394-9_4
55,GACN01029607.149.2074,11,2,5.5,7.692307692,B,Cyanobacteria-chloroplast,Chloroplast,Streptophyta,Streptophyta,Streptophyta,Streptophyta,Streptophyta_3,TGGCCCTACGGGCGGCAGCAGTGGGGAATTTTCCGCAATGGGCGAAAGCCTGACGGAGCAATGCCGCGTGGAGGTAGAAGGCCTACGGGTCGTGAACTTCTTTTCCCGGAGAAGAAGCAATGACGGTATCTGGGGAATAAGCATCGGCTAACTCTGTGCCAGCAGCCGCGGTAATACAGAGGATGCAAGCGTTATCCGGAATGATTGGGCGTAAAGCGTCTGTAGGTGGCTTTTTAAGTCCGCCGTCAAATCCCAGGGCTCAACCCTGGACAGGCGGTGGAAACTACCAAGCTGGAGTACGGTAGGGGCAGAGGGAATTTCCGGTGGAGCGGTGAAATGCGTAGAGATCGGAAAGAACACCAACGGCGAAAGCACTCTGCTGGGCCGACACTGACACTGAGAGACGAAAGCTAGGGGAGCGAATGGGATTAGATACCCGGGTAGTC,0,"macro-algal eukaryote, phytoplankton, chl-a, chl-b, contain starch and cellulose",10.1007/978-3-662-46394-9_4
92,JX521012.1.1454,86,1,86,3.846153846,B,Proteobacteria,Alphaproteobacteria,Caulobacterales,Caulobacteraceae,Caulobacter,Caulobacter,Caulobacter,0,0,0,0
30,HQ111526.1.1402,2,1,2,3.846153846,B,Proteobacteria,Alphaproteobacteria,Rhodobacterales,Rhodobacteraceae,Rhodobacter,Rhodobacter,Rhodobacter_3,0,0,0,0
6,JX448570.1.1261,25,5,5,19.23076923,B,Proteobacteria,Alphaproteobacteria,Rickettsiales,Pelagibacteraceae,CaFonsibacter,CaFonsibacter,CaFonsi_9,CTCGCCTACGGGGGGCTGCAGTGGGGAATCTTGCACAATGGAGGAAACTCTGATGCAGCGATGCCGCGTGAGTGAAGAAGGCCTTTGGGTTGTAAAGCTCTTTTGTAGGGGAAGATAATGACTGTACCCTAAGAATAAGGTCCGGCTAACTTCGTGCCAGCAGCCGCGGTAATACGAAGGGACCTAGCGTAGTTCGGAATTACTGGGCGTAAAGCGCGCGTAGGCCGTTGAGTTAGTTAATTGTGAAATCCCAAAGCTTAACTTTGGAACTGCAATTAAAACTGCTCGACTAGAGTTTGATAGAGGAAAGCGGAATACATAGTGTAGAGGTGAAATTCGTAGATATTATGTAGAACACCAGTTGCGAAGGCGGCTTTCTGGATCAACACTGACGCTGAGGCGCGAAAGTATGGGTAGCAAAGAGGATTAGATACCCGCGTAGTC,IIIb-LD12-A (LD12_1),"freshwater, photoheterotroph, fastidious, green light rhodopsins",0
13,EU800571.1.1447,11,2,5.5,7.692307692,B,Proteobacteria,Alphaproteobacteria,Rickettsiales,Pelagibacteraceae,CaFonsibacter,CaFonsibacter,CaFonsi_8,AATCCCTACGGGTGGCTGCAGTGGGGAATCTTGCACAATGGAGGAAACTCTGATGCAGCGATGCCGCGTGAGTGAAGAAGGCCTTTGGGTTGTAAAGCTCTTTTGTAGGGGAAGATAATGACTGTACCCTAAGAATAAGGTCCGGCTAACTTCGTGCCAGCAGCCGCGGTAATACGAAGGGACCTAGCGTAGTTCGGAATTACTGGGCGTAAAGCGCGCGTAGGCCGTTGAGTTAGTTAATTGTGAAATCCCAAAGCTTAACTTTGGAACTGCAATTAAAACTGCTCGACTAGAGTTTGATAGAGGAAAGCGGAATACATAGTGTAGAGGTGAAATTCGTAGATATTATGTAGAACACCAGTTGCGAAGGCGGCTTTCTGGATCAACACTGACGCTGAGGCGCGAAAGTATGGGTAGCAAAGAGGATTAGATACCCCAGTAGTC,IIIb-LD12-A (LD12_2),"freshwater, photoheterotroph, fastidious, green light rhodopsins",0
53,JQ941843.1.1364,9,5,1.8,19.23076923,B,Proteobacteria,Alphaproteobacteria,Rickettsiales,Pelagibacteraceae,CaFonsibacter,CaFonsibacter,CaFonsi_11,CGCCCCTACGGGTGGCTGCAGTGGGGAATCTTGCACAATGGAGGAAACTCTGATGCAGCGATGCCGCGTGAGTGAAGAAGGCCTTTGGGTTGTAAAGCTCTTTTGTAGGGGAAGATAATGACTGTACCCTAAGAATAAGGTCCGGCTAACTTCGTGCCAGCAGCCGCGGTAATACGAAGGGACCTAGCGTAGTTCGGAATTACTGGGCGTAAAGCGCGCGTAGGCCGTTGAGTTAGTTAATTGTGAAATCCCAAAGCTTAACTTTGGAACTGCAATTAAAACTGCTCGACTAGAGTTTGATAGAGGAAAGCGGAATACATAGTGTAGAGGTGAAATTCGTAGATATTATGTAGAACACCAGTTGCGAAGGCGGCTTTCTGGATCAACACTGACGCTGAGGCGCGAAAGTATGGGTAGCAAAGAGGATTAGATACCCCCGTAGTC,IIIb-LD12-A (LD12_3),"freshwater, photoheterotroph, fastidious, green light rhodopsins",0
54,EU800360.1.1446,41,6,6.833333333,23.07692308,B,Proteobacteria,Alphaproteobacteria,Rickettsiales,Pelagibacteraceae,CaFonsibacter,CaFonsibacter,CaFonsi_6,ATGGCCTACGGGGGGCTGCAGTGGGGAATCTTGCACAATGGAGGAAACTCTGATGCAGCGATGCCGCGTGAGTGAAGAAGGCCTTTGGGTTGTAAAGCTCTTTTGTAGGGGAAGATAATGACTGTACCCTAAGAATAAGGTCCGGCTAACTTCGTGCCAGCAGCCGCGGTAATACGAAGGGACCTAGCGTAGTTCGGAATTACTGGGCGTAAAGCGCGCGTAGGCCGTTGAGTTAGTTAATTGTGAAATCCCAAAGCTTAACTTTGGAACTGCAATTAAAACTGCTCGACTAGAGTTTGATAGAGGAAAGCGGAATACATAGTGTAGAGGTGAAATTCGTAGATATTATGTAGAACACCAGTTGCGAAGGCGGCTTTCTGGATCAACACTGACGCTGAGGCGCGAAAGTATGGGTAGCAAAGAGGATTAGATACCCCCGTAGTC,IIIb-LD12-A (LD12_4),"freshwater, photoheterotroph, fastidious, green light rhodopsins",0
60,EU803460.1.1447,56,8,7,30.76923077,B,Proteobacteria,Alphaproteobacteria,Rickettsiales,Pelagibacteraceae,CaFonsibacter,CaFonsibacter,CaFonsi_5,GTGGCCTACGGGGGGCTGCAGTGGGGAATCTTGCACAATGGAGGAAACTCTGATGCAGCGATGCCGCGTGAGTGAAGAAGGCCTTTGGGTTGTAAAGCTCTTTTGTAGGGGAAGATAATGACTGTACCCTAAGAATAAGGTCCGGCTAACTTCGTGCCAGCAGCCGCGGTAATACGAAGGGACCTAGCGTAGTTCGGAATTACTGGGCGTAAAGCGCGCGTAGGCCGTTGAGTTAGTTAATTGTGAAATCCCAAAGCTTAACTTTGGAACTGCAATTAAAACTGCTCGACTAGAGTTTGATAGAGGAAAGCGGAATACATAGTGTAGAGGTGAAATTCGTAGATATTATGTAGAACACCAGTTGCGAAGGCGGCTTTCTGGATCAACACTGACGCTGAGGCGCGAAAGTATGGGTAGCAAAGAGGATTAGATACCCCAGTAGTC,IIIb-LD12-A (LD12_5),"freshwater, photoheterotroph, fastidious, green light rhodopsins",0
76,EU803376.1.1258,35,8,4.375,30.76923077,B,Proteobacteria,Alphaproteobacteria,Rickettsiales,Pelagibacteraceae,CaFonsibacter,CaFonsibacter,CaFonsi_7,GGCGCCTACGGGGGGCTGCAGTGGGGAATCTTGCACAATGGAGGAAACTCTGATGCAGCGATGCCGCGTGAGTGAAGAAGGCCTTTGGGTTGTAAAGCTCTTTTGTAGGGGAAGATAATGACTGTACCCTAAGAATAAGGTCCGGCTAACTTCGTGCCAGCAGCCGCGGTAATACGAAGGGACCTAGCGTAGTTCGGAATTACTGGGCGTAAAGCGCGCGTAGGCCGTTGAGTTAGTTAATTGTGAAATCCCAAAGCTTAACTTTGGAACTGCAATTAAAACTGCTCGACTAGAGTTTGATAGAGGAAAGCGGAATACATAGTGTAGAGGTGAAATTCGTAGATATTATGTAGAACACCAGTTGCGAAGGCGGCTTTCTGGATCAACACTGACGCTGAGGCGCGAAAGTATGGGTAGCAAAGAGGATTAGATACCCTAGTAGTC,IIIb-LD12-A (LD12_6),"freshwater, photoheterotroph, fastidious, green light rhodopsins",0
88,GU305856.1.1443,101,8,12.625,30.76923077,B,Proteobacteria,Alphaproteobacteria,Rickettsiales,Pelagibacteraceae,CaFonsibacter,CaFonsibacter,CaFonsi_4,AAGTCCTACGGGGGGCTGCAGTGGGGAATCTTGCACAATGGAGGAAACTCTGATGCAGCGATGCCGCGTGAGTGAAGAAGGCCTTTGGGTTGTAAAGCTCTTTTGTAGGGGAAGATAATGACTGTACCCTAAGAATAAGGTCCGGCTAACTTCGTGCCAGCAGCCGCGGTAATACGAAGGGACCTAGCGTAGTTCGGAATTACTGGGCGTAAAGCGCGCGTAGGCCGTTGAGTTAGTTAATTGTGAAATCCCAAAGCTTAACTTTGGAACTGCAATTAAAACTGCTCGACTAGAGTTTGATAGAGGAAAGCGGAATACATAGTGTAGAGGTGAAATTCGTAGATATTATGTAGAACACCAGTTGCGAAGGCGGCTTTCTGGATCAACACTGACGCTGAGGCGCGAAAGTATGGGTAGCAAAGAGGATTAGATACCCCAGTAGTC,IIIb-LD12-A (LD12_7),"freshwater, photoheterotroph, fastidious, green light rhodopsins",0
95,EU803732.1.1421,18,7,2.571428571,26.92307692,B,Proteobacteria,Alphaproteobacteria,Rickettsiales,Pelagibacteraceae,CaFonsibacter,CaFonsibacter,CaFonsi_10,TCTCCCTACGGGTGGCTGCAGTGGGGAATCTTGCACAATGGAGGAAACTCTGATGCAGCGATGCCGCGTGAGTGAAGAAGGCCTTTGGGTTGTAAAGCTCTTTTGTAGGGGAAGATAATGACTGTACCCTAAGAATAAGGTCCGGCTAACTTCGTGCCAGCAGCCGCGGTAATACGAAGGGACCTAGCGTAGTTCGGAATTACTGGGCGTAAAGCGCGCGTAGGCCGTTGAGTTAGTTAATTGTGAAATCCCAAAGCTTAACTTTGGAACTGCAATTAAAACTGCTCGACTAGAGTTTGATAGAGGAAAGCGGAATACATAGTGTAGAGGTGAAATTCGTAGATATTATGTAGAACACCAGTTGCGAAGGCGGCTTTCTGGATCAACACTGACGCTGAGGCGCGAAAGTATGGGTAGCAAAGAGGATTAGATACCCGAGTAGTC,IIIb-LD12-A (LD12_9),"freshwater, photoheterotroph, fastidious, green light rhodopsins",0
101,EU803786.1.1256,19,5,3.8,19.23076923,B,Proteobacteria,Alphaproteobacteria,Rickettsiales,Pelagibacteraceae,CaFonsibacter,CaFonsibacter,CaFonsi_3,GCGGCCTACGGGGGGCAGCAGTGGGGAATCTTGCACAATGGAGGAAACTCTGATGCAGCGATGCCGCGTGAGTGAAGAAGGCCTTTGGGTTGTAAAGCTCTTTTGTAGGGGAAGATAATGACTGTACCCTAAGAATAAGGTCCGGCTAACTTCGTGCCAGCAGCCGCGGTAATACGAAGGGACCTAGCGTAGTTCGGAATTACTGGGCGTAAAGCGCGCGTAGGCCGTTGAGTTAGTTAATTGTGAAATCCCAAAGCTTAACTTTGGAACTGCAATTAAAACTGCTCGACTAGAGTTTGATAGAGGAAAGCGGAATACATAGTGTAGAGGTGAAATTCGTAGATATTATGTAGAACACCAGTTGCGAAGGCGGCTTTCTGGATCAACACTGACGCTGAGGCGCGAAAGTATGGGTAGCAAAGAGGATTAGATACCCTCGTAGTC,IIIb-LD12 unknown (LD12_10),"freshwater, photoheterotroph, fastidious, green light rhodopsins",0
52,EU803252.1.1450,2,2,1,7.692307692,B,Proteobacteria,Alphaproteobacteria,Rickettsiales,Pelagibacteraceae,basal CaFonsibacter,basal CaFonsibacter,basal_CaFonsi_2,TGTTCCTACGGGTGGCAGCAGTGGGGAATCTTGCACAATGGAGGAAACTCTGATGCAGCGATGCCGCGTGAGTGAAGAAGGCCTTTGGGTTGTAAAGCTCTTTTGTAGGGGAAGATAATGACTGTACCCTAAGAATAAGGTCCGGCTAACTTCGTGCCAGCAGCCGCGGTAATACGAAGGGACCTAGCGTAGTTCGGAATTACTGGGCGTAAAGCGCGCGTAGGCCGTTGAGTTAGTTAATTGTGAAATCCCAAAGCTTAACTTTGGAACTGCAATTAAAACTGGTCGACTAGAGTTTGATAGAGGAAAGCGGAATACATAGTGTAGAGGTGAAATTCGTAGATATTATGTAGAACACCAGTGGCGAAGGCGGCTTTCTGGGTCAACACTGACGCTGAGGCGCGAAAGTATGGGTAGCAAAGAGGATTAGATACCCCCGTAGTC,basal IIIb-LD12 unknown (LD12_11),"freshwater, photoheterotroph, fastidious, green light rhodopsins",0
9,KC683060.1.1482,3,1,3,3.846153846,B,Proteobacteria,Alphaproteobacteria,Sphingomonadales,Sphingomonadales,Sphingomonadales,Sphingomonadales,Sphingomonadales_7,0,0,0,0
12,HQ178716.1.1411,7,1,7,3.846153846,B,Proteobacteria,Alphaproteobacteria,Sphingomonadales,Sphingomonadales,Sphingomonadales,Sphingomonadales,Sphingomonadales_5,0,0,0,0
15,JN869113.1.1505,5,3,1.666666667,11.53846154,B,Proteobacteria,Alphaproteobacteria,Sphingomonadales,Sphingomonadales,Sphingomonadales,Sphingomonadales,Sphingomonadales_8,0,0,0,0
43,HQ856435.1.1447,251,4,62.75,15.38461538,B,Proteobacteria,Alphaproteobacteria,Sphingomonadales,Sphingomonadales,Sphingomonadales,Sphingomonadales,Sphingomonadales_1,0,0,0,0
46,AF321036.1.1344,34,1,34,3.846153846,B,Proteobacteria,Alphaproteobacteria,Sphingomonadales,Sphingomonadales,Sphingomonadales,Sphingomonadales,Sphingomonadales_2,0,0,0,0
63,HQ178852.1.1434,5,1,5,3.846153846,B,Proteobacteria,Alphaproteobacteria,Sphingomonadales,Sphingomonadales,Sphingomonadales,Sphingomonadales,Sphingomonadales_6,0,0,0,0
81,FJ612158.1.1443,14,1,14,3.846153846,B,Proteobacteria,Alphaproteobacteria,Sphingomonadales,Sphingomonadales,Sphingomonadales,Sphingomonadales,Sphingomonadales_3,0,0,0,0
98,FM201052.1.1344,13,1,13,3.846153846,B,Proteobacteria,Alphaproteobacteria,Sphingomonadales,Sphingomonadales,Sphingomonadales,Sphingomonadales,Sphingomonadales_4,0,0,0,0
100,GQ388901.1.1482,2,1,2,3.846153846,B,Proteobacteria,Alphaproteobacteria,Sphingomonadales,Sphingomonadaceae,Sphingomonadaceae,Sphingomonadaceae,Sphingomonadaceae,0,0,0,0
16,FN421555.1.1369,22,2,11,7.692307692,B,Proteobacteria,Alphaproteobacteria,Sphingomonadales,Sphingomonadaceae,Sphingomonas,Sphingomonas,Sphingomonas_1,TTGCCCTACGGGCGGCTGCAGTGGGGAATATTGGACAATGGGCGAAAGCCTGATCCAGCAATGCCGCGTGAGTGATGAAGGCCTTAGGGTTGTAAAGCTCTTTTACCCGGGATGATAATGACAGTACCGGGAGAATAAGCTCCGGCTAACTCCGTGCCAGCAGCCGCGGTAATACGGAGGGAGCTAGCGTTGTTCGGAATTACTGGGCGTAAAGCGCACGTAGGCGGCTTTGTAAGTTAGAGGTGAAAGCCTGGAGCTCAACTCCAGAATTGCCTTTAAGACTGCATCGCTTGAATCCAGGAGAGGTGAGTGGAATTCCGAGTGTAGAGGTGAAATTCGTAGATATTCGGAAGAACACCAGTGGCGAAGGCGGCTCACTGGACTGGTATTGACGCTGAGGTGCGAAAGCGTGGGGAGCAAACAGGATTAGATACCCTCGTAGTC,Sphingomonas genera closest to melaniss and insulae,"chemoorganotrophic, prob cant degrade starch but rather simple sugars, Gram-negative, nonsporulating, rod-shaped, outer memberane has SPS not LPS, prob aerobic",10.1007/978-3-642-30197-1_302
82,FN421585.1.1365,9,1,9,3.846153846,B,Proteobacteria,Alphaproteobacteria,Sphingomonadales,Sphingomonadaceae,Sphingomonas,Sphingomonas,Sphingomonas_2,TGTGCCTACGGGTGGCTGCAGTGGGGAATATTGGACAATGGGCGAAAGCCTGATCCAGCAATGCCGCGTGAGTGATGAAGGCCTTAGGGTTGTAAAGCTCTTTTACCCGGGATGATAATGACAGTACCGGGAGAATAAGCTCCGGCTAACTCCGTGCCAGCAGCCGCGGTAATACGGAGGGAGCTAGCGTTGTTCGGAATTACTGGGCGTAAAGCGCACGTAGGCGGCTTTGTAAGTTAGAGGTGAAAGCCTGGAGCTCAACTCCAGAATTGCCTTTAAGACTGCATCGCTCGAATCCAGGAGAGGTGAGTGGAATTCCGAGTGTAGAGGTGAAATTCGTAGATATTCGGAAGAACACCAGTGGCGAAGGCGGCTCACTGGACTGGTATTGACGCTGAGGTGCGAAAGCGTGGGGAGCAAACAGGATTAGATACCCCAGTAGTC,Sphingomonas genera closest to doktoensis,"chemoorganotrophic, poss. motile, prob degrades starch complec CHOs, Gram-negative, nonsporulating, rod-shaped, outer memberane has SPS not LPS, prob aerobic with oxdtve stress repsonse",10.1007/978-3-642-30197-1_302
23,FN396954.1.1256,1035,10,103.5,38.46153846,B,Proteobacteria,Alphaproteobacteria,Sphingomonadales,Sphingomonadaceae,Zymomonas,Zymomonas,Zymomonas_1,0,0,0,0
37,JX304649.1.1325,281,6,46.83333333,23.07692308,B,Proteobacteria,Alphaproteobacteria,Sphingomonadales,Sphingomonadaceae,Zymomonas,Zymomonas,Zymomonas_2,0,0,0,0
73,FJ612147.1.1493,14,2,7,7.692307692,B,Proteobacteria,Betaproteobacteria,Burkholderiales,Alcaligenaceae,Alcaligenaceae,Alcaligenaceae,Alcaligenaceae_1,TTTGCCTACGGGGGGCAGCAGTGGGGAATTTTGGACAATGGGGGAAACCCTGATCCAGCCATTCCGCGTGTGCGATGAAGGCCTTCGGGTTGTAAAGCACTTTTGGCAGGAAAGAAATCGCACAAATTAATACTTTGTGTGGATGACGGTACCTGCAGAATAAGCACCGGCTAACTACGTGCCAGCAGCCGCGGTAATACGTAGGGTGCAAGCGTTAATCGGAATTACTGGGCGTAAAGCGTGCGCAGGCGGTTCGGAAAGAGAGGTGTGAAATCCCAGGGCTTAACCTTGGAACTGCACTTTTAACTCCCGAGCTAGAGTATGTCAGAGGGGGGTGGAATTCCGCGTGTAGCAGTGAAATGCGTAGATATGCGGAGGAACACCGATGGCGAAGGCAGCCCCCTGGGATAATACTGACGCTCATGCACGAAAGCGTGGGGAGCAAACAGGATTAGATACCCTAGTAGTC,0,"gram neg, rods to coccobacilli, mesophilic 10C to 40C, mostly aerobic, heterotrophic, some fix N ",10.1007/978-3-642-30197-1_397
99,AJ575701.1.1473,5,2,2.5,7.692307692,B,Proteobacteria,Betaproteobacteria,Burkholderiales,Alcaligenaceae,Alcaligenaceae,Alcaligenaceae,Alcaligenaceae_3,TTGTCCTACGGGTGGCAGCAGTGGGGAATTTTGGACAATGGGGGAAACCCTAATCCAGCCATTCCGCGTGTGCGATGAAGGCCTTCGGGTTGTAAAGCACTTTTGGCAGGAAAGAAATCGCGCAAATTAATACTTTGCGTGGATGACGGTACCTGCAGAATAAGCACCGGCTAACTACGTGCCAGCAGCCGCGGTAATACGTAGGGTGCAAGCGTTAATCGGAATTACTGGGCGTAAAGCGTGCGCAGGCGGTTCGGAAAGAGAGGTGTGAAATCCCAGGGCTTAACCTTGGAACTGCACTTTTAACTCCCGAGCTAGAGTATGTCAGAGGGGGGTGGAATTCCGCGTGTAGCAGTGAAATGCGTAGATATGCGGAGGAACACCGATGGCGAAGGCAGCCCCCTGGGATAATACTGACGCTCATGCACGAAAGCGTGGGGAGCAAACAGGATTAGATACCCTTGTAGTC,0,"gram neg, rods to coccobacilli, mesophilic 10C to 40C, mostly aerobic, heterotrophic, some fix N ",10.1007/978-3-642-30197-1_397
1,FQ658994.1.1350,629,11,57.18181818,42.30769231,B,Proteobacteria,Betaproteobacteria,Burkholderiales,Comamonadaceae,Comamonadaceae,Comamonadaceae,Comamonadaceae_4,TTGGCCTACGGGGGGCTGCAGTGGGGAATTTTGGACAATGGGCGAAAGCCTGATCCAGCCATTCCGCGTGCAGGATGAAGGCCTTCGGGTTGTAAACTGCTTTTGTACGGAACGAAACGGTCTGCCCTAATACGGCGGGCTAATGACGGTACCGTAAGAATAAGCACCGGCTAACTACGTGCCAGCAGCCGCGGTAATACGTAGGGTGCAAGCGTTAATCGGAATTACTGGGCGTAAAGCGTGCGCAGGCGGTTATATAAGACAGATGTGAAATCCCCGGGCTCAACCTGGGAATTGCATTTGTGACTGTATAGCTAGAGTACGGCAGAGGGGGATGGAATTCCGCGTGTAGCAGTGAAATGCGTAGATATGCGGAGGAACACCGATGGCGAAGGCAATCCCCTGGGCCTGTACTGACGCTCATGCACGAAAGCGTGGGGAGCAAACAGGATTAGATACCCCGGTAGTC,prob rhodoferax genus,"curved rods, motile, phototrophic, mesotrophic some psycrotolerant, facultative anaerobic photoheterotrophs and aerobic heterotrophs in the dark, some also fermentative, have bact-chl-a ubut unclear photosynth path,N fixation and can use NH4 and glutamate as sole nitrogen sources, thiamine and biotin auxotrophy",10.1007/978-3-642-30197-1_238
5,KC286854.1.1505,2814,17,165.5294118,65.38461538,B,Proteobacteria,Betaproteobacteria,Burkholderiales,Comamonadaceae,Comamonadaceae,Comamonadaceae,Comamonadaceae_2,0,0,0,0
8,HM346776.1.1224,20,8,2.5,30.76923077,B,Proteobacteria,Betaproteobacteria,Burkholderiales,Comamonadaceae,Comamonadaceae,Comamonadaceae,Comamonadaceae_19,0,0,0,0
20,CU927369.1.1351,2,2,1,7.692307692,B,Proteobacteria,Betaproteobacteria,Burkholderiales,Comamonadaceae,Comamonadaceae,Comamonadaceae,Comamonadaceae_32,0,0,0,0
24,JQ684482.1.1407,16,5,3.2,19.23076923,B,Proteobacteria,Betaproteobacteria,Burkholderiales,Comamonadaceae,Comamonadaceae,Comamonadaceae,Comamonadaceae_18,0,0,0,0
25,JX221982.1.1396,113,3,37.66666667,11.53846154,B,Proteobacteria,Betaproteobacteria,Burkholderiales,Comamonadaceae,Comamonadaceae,Comamonadaceae,Comamonadaceae_8,0,0,0,0
27,HQ178879.1.1433,6,5,1.2,19.23076923,B,Proteobacteria,Betaproteobacteria,Burkholderiales,Comamonadaceae,Comamonadaceae,Comamonadaceae,Comamonadaceae_31,0,0,0,0
31,AJ867754.1.1521,450,10,45,38.46153846,B,Proteobacteria,Betaproteobacteria,Burkholderiales,Comamonadaceae,Comamonadaceae,Comamonadaceae,Comamonadaceae_7,0,0,0,0
33,EU800554.1.1494,2,1,2,3.846153846,B,Proteobacteria,Betaproteobacteria,Burkholderiales,Comamonadaceae,Comamonadaceae,Comamonadaceae,Comamonadaceae_20,0,0,0,0
34,FR667253.1.1384,47,1,47,3.846153846,B,Proteobacteria,Betaproteobacteria,Burkholderiales,Comamonadaceae,Comamonadaceae,Comamonadaceae,Comamonadaceae_6,0,0,0,0
44,JF697432.1.1492,11,7,1.571428571,26.92307692,B,Proteobacteria,Betaproteobacteria,Burkholderiales,Comamonadaceae,Comamonadaceae,Comamonadaceae,Comamonadaceae_23,0,0,0,0
50,AY212596.1.1287,7,5,1.4,19.23076923,B,Proteobacteria,Betaproteobacteria,Burkholderiales,Comamonadaceae,Comamonadaceae,Comamonadaceae,Comamonadaceae_28,0,0,0,0
51,JX223188.1.1364,4,3,1.333333333,11.53846154,B,Proteobacteria,Betaproteobacteria,Burkholderiales,Comamonadaceae,Comamonadaceae,Comamonadaceae,Comamonadaceae_30,0,0,0,0
56,FM204983.1.1452,554,10,55.4,38.46153846,B,Proteobacteria,Betaproteobacteria,Burkholderiales,Comamonadaceae,Comamonadaceae,Comamonadaceae,Comamonadaceae_5,0,0,0,0
57,AB252076.1.1805,15,8,1.875,30.76923077,B,Proteobacteria,Betaproteobacteria,Burkholderiales,Comamonadaceae,Comamonadaceae,Comamonadaceae,Comamonadaceae_25,0,0,0,0
58,JN869123.1.1501,3,2,1.5,7.692307692,B,Proteobacteria,Betaproteobacteria,Burkholderiales,Comamonadaceae,Comamonadaceae,Comamonadaceae,Comamonadaceae_24,0,0,0,0
61,AY250093.1.1455,12,8,1.5,30.76923077,B,Proteobacteria,Betaproteobacteria,Burkholderiales,Comamonadaceae,Comamonadaceae,Comamonadaceae,Comamonadaceae_27,0,0,0,0
62,HG917444.1.1444,7,5,1.4,19.23076923,B,Proteobacteria,Betaproteobacteria,Burkholderiales,Comamonadaceae,Comamonadaceae,Comamonadaceae,Comamonadaceae_29,0,0,0,0
67,EU801144.1.1494,2,1,2,3.846153846,B,Proteobacteria,Betaproteobacteria,Burkholderiales,Comamonadaceae,Comamonadaceae,Comamonadaceae,Comamonadaceae_21,0,0,0,0
70,JQ923537.1.1499,26,7,3.714285714,26.92307692,B,Proteobacteria,Betaproteobacteria,Burkholderiales,Comamonadaceae,Comamonadaceae,Comamonadaceae,Comamonadaceae_17,0,0,0,0
74,FJ382059.1.1209,156,11,14.18181818,42.30769231,B,Proteobacteria,Betaproteobacteria,Burkholderiales,Comamonadaceae,Comamonadaceae,Comamonadaceae,Comamonadaceae_10,0,0,0,0
79,EU801715.1.1271,134,8,16.75,30.76923077,B,Proteobacteria,Betaproteobacteria,Burkholderiales,Comamonadaceae,Comamonadaceae,Comamonadaceae,Comamonadaceae_9,0,0,0,0
80,AB753922.1.1459,265,1,265,3.846153846,B,Proteobacteria,Betaproteobacteria,Burkholderiales,Comamonadaceae,Comamonadaceae,Comamonadaceae,Comamonadaceae_1,0,0,0,0
85,AB806518.1.1446,2,1,2,3.846153846,B,Proteobacteria,Betaproteobacteria,Burkholderiales,Comamonadaceae,Comamonadaceae,Comamonadaceae,Comamonadaceae_22,0,0,0,0
90,FM161354.1.1520,1039,15,69.26666667,57.69230769,B,Proteobacteria,Betaproteobacteria,Burkholderiales,Comamonadaceae,Comamonadaceae,Comamonadaceae,Comamonadaceae_3,0,0,0,0
91,GU208444.1.1502,30,8,3.75,30.76923077,B,Proteobacteria,Betaproteobacteria,Burkholderiales,Comamonadaceae,Comamonadaceae,Comamonadaceae,Comamonadaceae_16,0,0,0,0
93,AB990448.1.1459,4,1,4,3.846153846,B,Proteobacteria,Betaproteobacteria,Burkholderiales,Comamonadaceae,Comamonadaceae,Comamonadaceae,Comamonadaceae_14,0,0,0,0
96,KF010745.1.1485,2,2,1,7.692307692,B,Proteobacteria,Betaproteobacteria,Burkholderiales,Comamonadaceae,Comamonadaceae,Comamonadaceae,Comamonadaceae_33,0,0,0,0
102,HM129614.1.1455,8,5,1.6,19.23076923,B,Proteobacteria,Betaproteobacteria,Burkholderiales,Comamonadaceae,Comamonadaceae,Comamonadaceae,Comamonadaceae_26,0,0,0,0
89,AB021390.1.1508,19,1,19,3.846153846,B,Proteobacteria,Betaproteobacteria,Burkholderiales,Comamonadaceae,Acidovorax,delafieldii,Acidovorax_delafieldii,0,0,0,0
32,GU305742.1.1480,3,1,3,3.846153846,B,Proteobacteria,Betaproteobacteria,Burkholderiales,Comamonadaceae,Limnohabitans,limB,Limnohabitans_2,TGCACCTACGGGGGGCTGCAGTGGGGAATTTTGGACAATGGGCGAAAGCCTGATCCAGCCATTCCGCGTGCAGGATGAAGGCCCTCGGGTTGTAAACTGCTTTTGTACAGAACGAAAAGGTCTCTATTAATACTAGGGGCTCATGACGGTACTGTAAGAATAAGCACCGGCTAACTACGTGCCAGCAGCCGCGGTAATACGTAGGGTGCAAGCGTTAATCGGAATTACTGGGCGTAAAGCGTGCGCAGGCGGTTATATAAGTCAGATGTGAAATCCCCGGGCTCAACCTGGGAACTGCATTTGAGACTGTATAGCTAGAGTACGGTAGAGGGGGATGGAATTCCGCGTGTAGCAGTGAAATGCGTAGATATGCGGAGGAACACCGATGGCGAAGGCAATCCCCTGGACCTGTACTGACGCTCATGCACGAAAGCGTGGGGAGCAAACAGGATTAGATACCCCTGTAGTC,"LimB: KL1, rim11","coccoid-short rods, 0.4-1um","Kasalický V, Jezbera J, Hahn MW, Šimek K. The Diversity of the LimnohabitansGenus, an Important Group of Freshwater Bacterioplankton, by Characterization of 35 Isolated Strains. Badger JH, ed. PLoS ONE. 2013;8(3):e58209. doi:10.1371/journal.pone.0058209."
19,HQ230144.1.1457,22,7,3.142857143,26.92307692,B,Proteobacteria,Betaproteobacteria,Burkholderiales,Comamonadaceae,Rhodoferax,Rhodoferax,Rhodoferax_2,0,0,0,0
36,HM481364.1.1461,5,4,1.25,15.38461538,B,Proteobacteria,Betaproteobacteria,Burkholderiales,Comamonadaceae,Rhodoferax,Rhodoferax,Rhodoferax_4,0,0,0,0
65,FR774626.1.1366,193,10,19.3,38.46153846,B,Proteobacteria,Betaproteobacteria,Burkholderiales,Comamonadaceae,Rhodoferax,Rhodoferax,Rhodoferax_1,0,0,0,0
69,FJ382067.1.1235,2,2,1,7.692307692,B,Proteobacteria,Betaproteobacteria,Burkholderiales,Comamonadaceae,Rhodoferax,Rhodoferax,Rhodoferax_5,0,0,0,0
75,AB199569.1.1459,7,5,1.4,19.23076923,B,Proteobacteria,Betaproteobacteria,Burkholderiales,Comamonadaceae,Rhodoferax,Rhodoferax,Rhodoferax_3,0,0,0,0
68,KT350432.1.1533,7,1,7,3.846153846,B,Proteobacteria,Betaproteobacteria,Burkholderiales,Oxalobacteraceae,Oxalobacteraceae,Oxalobacteraceae,Oxalobacteraceae_2,0,0,0,0
10,EU705057.1.1276,5,3,1.666666667,11.53846154,B,Proteobacteria,Betaproteobacteria,Burkholderiales,Burkholderiaceae,Ralstonia,Ralstonia,Ralstonia_2,0,0,0,0
77,GU574353.1.1321,4,2,2,7.692307692,B,Proteobacteria,Betaproteobacteria,Burkholderiales,Burkholderiaceae,Ralstonia,Ralstonia,Ralstonia_1,0,0,0,0
71,AB991243.1.1460,568,5,113.6,19.23076923,B,Proteobacteria,Betaproteobacteria,Methylophilales,Methylophilaceae,Methylophilaceae,Methylophilaceae,Methylophilaceae_1,0,0,0,0
72,GQ500799.1.1497,5,2,2.5,7.692307692,B,Proteobacteria,Betaproteobacteria,Methylophilales,Methylophilaceae,Methylophilaceae,Methylophilaceae,Methylophilaceae_4,0,0,0,0
94,JX222019.1.1499,3,1,3,3.846153846,B,Proteobacteria,Betaproteobacteria,Methylophilales,Methylophilaceae,Methylophilaceae,Methylophilaceae,Methylophilaceae_3,0,0,0,0
2,HM445936.1.1502,2,1,2,3.846153846,B,Proteobacteria,Gammaproteobacteria,Pseudomonadales,Moraxellaceae,Acinetobacter,Acinetobacter,Acinetobacter_2,ATGGCCTACGGGGGGCTGCAGTGGGGAATATTGGACAATGGGCGCAAGCCTGATCCAGCCATGCCGCGTGTGTGAAGAAGGCCTTTTGGTTGTAAAGCACTTTAAGCGAGGAGGAGGCTACTTGGATTAATACTCTAGGATAGTGGACGTTACTCGCAGAATAAGCACCGGCTAACTCTGTGCCAGCAGCCGCGGTAATACAGAGGGTGCGAGCGTTAATCGGATTTACTGGGCGTAAAGCGTGCGTAGGCGGCTTCGTAAGTCAGATGTGAAATCCCTGAGCTTAACTTAGGAATTGCATTCGATACTGGGAAGCTAGAGTATGGGAGAGGATGGTAGAATTCCAGGTGTAGCGGTGAAATGCGTAGAGATCTGGAGGAATACCGATGGCGAAGGCAGCCATCTGGCCTAATACTGACGCTGAGGTACGAAAGCATGGGGAGCAAACAGGATTAGATACCCGCGTAGTC,Acinetobacter,"non-fastidious (wide range of C substrates), non-fermative, strictly aerobic, oxidase-negative catalase +ve, gram-negative coccobacilli of widespread mostly terrestrial habitat","10.1007/0-387-30746-x_25, 10.1007/978-3-642-38922-1_245"
17,FJ976563.1.1391,8,1,8,3.846153846,B,Proteobacteria,Gammaproteobacteria,Pseudomonadales,Moraxellaceae,Acinetobacter,rhizosphaerae,Acinetobacter_1,TTCGCCTACGGGAGGCAGCAGTGGGGAATATTGGACAATGGGCGCAAGCCTGATCCAGCCATGCCGCGTGTGTGAAGAAGGCCTTATGGTTGTAAAGCACTTTAAGCGAGGAGGAGGCTACTTTAGTTAATACCTAGAGATAGTGGACGTTACTCGCAGAATAAGCACCGGCTAACTCTGTGCCAGCAGCCGCGGTAATACAGAGGGTGCAAGCGTTAATCGGATTTACTGGGCGTAAAGCGCGCGTAGGCGGCTAATTAAGTCAAATGTGAAATCCCCGGGCTTAACTTGGGAATTGCATTCGATACTGGTTAGCTAGAGTGTGGGAGAGGATGGTAGAATTCCAGGTGTAGCGGTGAAATGCGTAGAGATCTGGAGGAATACCGATGGCGAAGGCAGCCATCTGGCCTAACACTGACGCTGAGGTGCGAAAGCATGGGGAGCAAACAGGATTAGATACCCGAGTAGTC,Acinetobacter,"non-fastidious (wide range of C substrates), non-fermative, strictly aerobic, oxidase-negative catalase +ve, gram-negative coccobacilli of widespread mostly terrestrial habitat","10.1007/0-387-30746-x_25, 10.1007/978-3-642-38922-1_245"